id,lastmod
Q4414,2022-12-02T23:50:04Z
Q57850,2022-10-26T21:03:54Z
Q57878,2022-12-07T01:01:35Z
Q155385,2022-12-02T23:57:20Z
Q269076,2022-08-30T19:34:48Z
Q305669,2022-09-12T05:56:13Z
Q392055,2022-09-12T05:56:11Z
Q747770,2022-11-22T15:49:02Z
Q961159,2022-11-26T03:33:19Z
Q1373139,2022-08-29T06:05:44Z
Q1667617,2022-09-07T06:56:06Z
Q1707420,2022-11-02T18:34:33Z
Q1778364,2022-10-26T20:50:01Z
Q1778373,2022-10-22T19:00:45Z
Q2162878,2022-08-31T14:47:22Z
Q2522820,2022-11-26T04:17:03Z
Q3574865,2022-08-31T14:27:43Z
Q4683147,2022-10-24T23:00:57Z
Q5211860,2022-09-12T05:56:14Z
Q6425687,2022-03-17T04:30:36Z
Q6426847,2022-08-30T19:29:36Z
Q6428317,2022-09-12T05:22:19Z
Q16325277,2022-12-06T00:31:41Z
Q16545858,2022-11-12T12:38:08Z
Q16639103,2022-10-06T19:27:20Z
Q16682496,2022-10-28T01:25:26Z
Q27756289,2022-10-06T19:15:37Z
Q60965577,2022-10-31T01:16:02Z
Q65150953,2022-10-06T22:05:33Z
Q73364538,2022-08-31T14:36:32Z
Q75863710,2022-09-12T05:46:25Z
Q85793465,2022-10-06T19:15:50Z
Q88219141,2022-10-06T19:15:20Z
Q97368687,2022-10-06T19:20:35Z
Q99293088,2022-08-28T20:00:47Z
Q105550917,2022-11-13T16:52:03Z
Q106764569,2022-10-06T19:17:56Z
Q106857717,2022-10-06T19:16:48Z
Q107022057,2022-10-06T19:19:15Z
Q108093970,2022-10-06T19:15:29Z
Q108385139,2022-10-08T05:54:31Z
Q109018470,2022-10-06T19:22:52Z
Q110251228,2022-10-06T19:15:01Z
Q112180579,2022-11-13T15:33:20Z
Q112180599,2022-10-06T19:18:02Z
Q113579024,2022-10-06T19:23:06Z
Q113946231,2022-10-08T13:07:18Z
Q113946232,2022-10-11T06:43:42Z
Q113946233,2022-10-11T06:42:47Z
Q113946234,2022-10-08T13:08:58Z
Q113946235,2022-10-12T06:22:40Z
Q113946236,2022-10-09T07:03:13Z
Q113946291,2022-10-11T06:43:16Z
Q113946294,2022-11-08T11:13:04Z
Q113946296,2022-10-09T07:03:21Z
Q114005610,2022-10-06T19:20:51Z
Q114441750,2022-10-27T06:32:29Z
Q114441751,2022-11-08T11:13:02Z
Q114441752,2022-10-21T06:12:31Z
Q114441753,2022-10-20T05:26:57Z
Q114441754,2022-10-18T16:02:15Z
Q114441755,2022-10-17T08:59:26Z
Q114441756,2022-10-16T05:50:12Z
Q114441757,2022-11-03T23:48:57Z
Q114441758,2022-11-16T22:58:20Z
Q114441759,2022-11-08T11:13:03Z
Q114441760,2022-11-08T11:13:07Z
Q114441761,2022-11-08T11:13:04Z
Q114441762,2022-11-08T11:13:06Z
